{
  "error_no": 0,
  "data": {
    "page_count": 17,
    "count": "164",
    "list": [
      {
        "id": "192",
        "pid": "17",
        "name": "\u8dcc\u8dcc\u718a+ 24\u671f",
        "duration": "32",
        "presell_time": "1488211200",
        "sell_start_time": "1488297600",
        "compact_start_time": "1488384000",
        "compact_end_time": "1491235199",
        "settlement_time": "1491235200",
        "status": "0",
        "amount": "3000000.000000000000000000",
        "base_return": "0.050000000000000000",
        "ext_return1": "0.000000000000000000",
        "ext_return2": "0.150000000000000000",
        "ext_return3": "0.000000000000000000",
        "total_amount": "0.000000000000000000",
        "total_user_count": "0",
        "time": "0",
        "up_time": null,
        "observe_day": null,
        "nxd_name": "\u725b\u718a\u659726\u671f",
        "parent_id": "191",
        "hs300rate": "0.000000000000000000",
        "related_target": "{\"type\":1,\"name\":\"\\u6caa\\u6df1300\",\"market\":\"\\u4e0a\\u4ea4\\u6240\",\"target\":\"\\u6caa\\u6df1\",\"index\":\"300\"}",
        "contents": "",
        "title": "",
        "profit_start_date": "1488470400",
        "profit_end_date": "1491148800",
        "min_buy_amount": "500.000000000000000000",
        "force_risk_test": "1",
        "forecast": "",
        "award_rull": "",
        "duration_str": "\u9501\u5b9a1\u4e2a\u6708",
        "usable_amount": "1834271.000000000000000000"
      },
      {
        "id": "191",
        "pid": "16",
        "name": "\u6da8\u6da8\u725b+ 24\u671f",
        "duration": "32",
        "presell_time": "1488211200",
        "sell_start_time": "1488297600",
        "compact_start_time": "1488384000",
        "compact_end_time": "1491235199",
        "settlement_time": "1491235200",
        "status": "0",
        "amount": "3000000.000000000000000000",
        "base_return": "0.050000000000000000",
        "ext_return1": "0.000000000000000000",
        "ext_return2": "0.150000000000000000",
        "ext_return3": "0.000000000000000000",
        "total_amount": "0.000000000000000000",
        "total_user_count": "0",
        "time": "0",
        "up_time": null,
        "observe_day": null,
        "nxd_name": "\u725b\u718a\u659726\u671f",
        "parent_id": "191",
        "hs300rate": "0.000000000000000000",
        "related_target": "{\"type\":1,\"name\":\"\\u6caa\\u6df1300\",\"market\":\"\\u4e0a\\u4ea4\\u6240\",\"target\":\"\\u6caa\\u6df1\",\"index\":\"300\"}",
        "contents": "",
        "title": "",
        "profit_start_date": "1488470400",
        "profit_end_date": "1491148800",
        "min_buy_amount": "500.000000000000000000",
        "force_risk_test": "1",
        "forecast": "",
        "award_rull": "",
        "duration_str": "\u9501\u5b9a1\u4e2a\u6708",
        "usable_amount": "1070596.000000000000000000"
      },
      {
        "id": "190",
        "pid": "12",
        "name": "\u53d8\u5f62\u91d1\u732a36\u671f",
        "duration": "30",
        "presell_time": "1487865600",
        "sell_start_time": "1487952000",
        "compact_start_time": "1488124800",
        "compact_end_time": "1490803199",
        "settlement_time": "1490803200",
        "status": "1",
        "amount": "4000000.000000000000000000",
        "base_return": "0.050000000000000000",
        "ext_return1": "0.000000000000000000",
        "ext_return2": "0.150000000000000000",
        "ext_return3": "0.000000000000000000",
        "total_amount": "4000000.000000000000000000",
        "total_user_count": "350",
        "time": "0",
        "up_time": "1488110401",
        "observe_day": null,
        "nxd_name": "",
        "parent_id": "190",
        "hs300rate": "0.000000000000000000",
        "related_target": "{\"type\":11,\"name\":\"\\u9ec4\\u91d1AU1706\",\"market\":\"\\u4e0a\\u6d77\\u671f\\u8d27\\u4ea4\\u6613\\u6240\",\"target\":\"\\u9ec4\\u91d1\",\"index\":\"AU1706\"}",
        "contents": "\u7f8e\u8054\u50a8\u65e8\u5728\u4fc3\u8fdb\u7ecf\u6d4e\u589e\u957f\u7684\u8d27\u5e01\u653f\u7b56\u76f8\u5bf9\u6e29\u548c\u4e14\u7ed9\u4e88\u5e02\u573a\u5145\u5206\u7684\u9884\u671f\uff0c\u800c\u7279\u6717\u666e\u653f\u5e9c\u7684\u51cf\u7a0e\u548c\u57fa\u5efa\u7684\u8d22\u653f\u653f\u7b56\u5c06\u8fdb\u4e00\u6b65\u523a\u6fc0\u901a\u80c0\u6c34\u5e73\u4e0a\u5347\uff0c\u8fd9\u4e5f\u6210\u4e86\u627f\u6258\u91d1\u4ef7\u7684\u4e00\u4e2a\u56e0\u7d20\u3002\u5728\u5f53\u524d\u5f62\u52bf\u4e0b\uff0c\u91d1\u4ef7\u503e\u5411\u4e8e\u9707\u8361\u5de9\u56fa\u4ee5\u6d88\u5316\u5229\u7a7a\u548c\u4e3a\u540e\u5e02\u4e0a\u626c\u84c4\u79ef\u529b\u91cf\uff0c\u884c\u60c5\u7b49\u5f85\u6b27\u6d32\u56fd\u5bb6\u653f\u6cbb\u5927\u9009\u53d1\u9175\u7b49\u56e0\u7d20\u7684\u89e6\u53d1\u3002\u91d1\u4ef7\u77ed\u671f\u7684\u9707\u8361\u8d77\u4f0f\u5e76\u4e0d\u4f1a\u6539\u53d8\u4e2d\u957f\u671f\u8d8b\u4e8e\u8d70\u9ad8\u7684\u5927\u52bf\u903b\u8f91\uff0c\u76ee\u524d\u8d44\u91d1\u4e2d\u957f\u671f\u914d\u7f6e\u9ec4\u91d1\u8d44\u4ea7\u7684\u9700\u6c42\u7ee7\u7eed\u3002",
        "title": "\u672c\u671f\u9ec4\u91d1\u6295\u8d44\u70ed\u70b9",
        "profit_start_date": "1488211200",
        "profit_end_date": "1490716800",
        "min_buy_amount": "500.000000000000000000",
        "force_risk_test": "1",
        "forecast": "\u770b\u6da8",
        "award_rull": "",
        "duration_str": "\u9501\u5b9a1\u4e2a\u6708",
        "usable_amount": "2090000.0000000000000000"
      },
      {
        "id": "189",
        "pid": "17",
        "name": "\u8dcc\u8dcc\u718a+ 23\u671f",
        "duration": "30",
        "presell_time": "1487779200",
        "sell_start_time": "1487952000",
        "compact_start_time": "1488124800",
        "compact_end_time": "1490803199",
        "settlement_time": "1490803200",
        "status": "1",
        "amount": "3000000.000000000000000000",
        "base_return": "0.050000000000000000",
        "ext_return1": "0.000000000000000000",
        "ext_return2": "0.150000000000000000",
        "ext_return3": "0.000000000000000000",
        "total_amount": "3000000.000000000000000000",
        "total_user_count": "221",
        "time": "0",
        "up_time": "1488087002",
        "observe_day": null,
        "nxd_name": "\u725b\u718a\u659725\u671f",
        "parent_id": "188",
        "hs300rate": "0.000000000000000000",
        "related_target": "{\"type\":1,\"name\":\"\\u6caa\\u6df1300\",\"market\":\"\\u4e0a\\u4ea4\\u6240\",\"target\":\"\\u6caa\\u6df1\",\"index\":\"300\"}",
        "contents": "",
        "title": "",
        "profit_start_date": "1488211200",
        "profit_end_date": "1490716800",
        "min_buy_amount": "500.000000000000000000",
        "force_risk_test": "1",
        "forecast": "",
        "award_rull": "",
        "duration_str": "\u9501\u5b9a1\u4e2a\u6708",
        "usable_amount": "2500000.0000000000000000"
      },
      {
        "id": "188",
        "pid": "16",
        "name": "\u6da8\u6da8\u725b+ 23\u671f",
        "duration": "30",
        "presell_time": "1487779200",
        "sell_start_time": "1487952000",
        "compact_start_time": "1488124800",
        "compact_end_time": "1490803199",
        "settlement_time": "1490803200",
        "status": "1",
        "amount": "3000000.000000000000000000",
        "base_return": "0.050000000000000000",
        "ext_return1": "0.000000000000000000",
        "ext_return2": "0.150000000000000000",
        "ext_return3": "0.000000000000000000",
        "total_amount": "3000000.000000000000000000",
        "total_user_count": "311",
        "time": "0",
        "up_time": "1488063601",
        "observe_day": null,
        "nxd_name": "\u725b\u718a\u659725\u671f",
        "parent_id": "188",
        "hs300rate": "0.000000000000000000",
        "related_target": "{\"type\":1,\"name\":\"\\u6caa\\u6df1300\",\"market\":\"\\u4e0a\\u4ea4\\u6240\",\"target\":\"\\u6caa\\u6df1\",\"index\":\"300\"}",
        "contents": "",
        "title": "",
        "profit_start_date": "1488211200",
        "profit_end_date": "1490716800",
        "min_buy_amount": "500.000000000000000000",
        "force_risk_test": "1",
        "forecast": "",
        "award_rull": "",
        "duration_str": "\u9501\u5b9a1\u4e2a\u6708",
        "usable_amount": "90000.0000000000000000"
      },
      {
        "id": "185",
        "pid": "17",
        "name": "\u8dcc\u8dcc\u718a+ 22\u671f",
        "duration": "30",
        "presell_time": "1487433600",
        "sell_start_time": "1487520000",
        "compact_start_time": "1487606400",
        "compact_end_time": "1490284799",
        "settlement_time": "1490284800",
        "status": "1",
        "amount": "3000000.000000000000000000",
        "base_return": "0.050000000000000000",
        "ext_return1": "0.000000000000000000",
        "ext_return2": "0.150000000000000000",
        "ext_return3": "0.000000000000000000",
        "total_amount": "2394566.000000000000000000",
        "total_user_count": "256",
        "time": "0",
        "up_time": "1487606402",
        "observe_day": null,
        "nxd_name": "\u725b\u718a\u659724\u671f",
        "parent_id": "184",
        "hs300rate": "0.000000000000000000",
        "related_target": "{\"type\":1,\"name\":\"\\u6caa\\u6df1300\",\"market\":\"\\u4e0a\\u4ea4\\u6240\",\"target\":\"\\u6caa\\u6df1\",\"index\":\"300\"}",
        "contents": "",
        "title": "",
        "profit_start_date": "1487692800",
        "profit_end_date": "1490198400",
        "min_buy_amount": "500.000000000000000000",
        "force_risk_test": "1",
        "forecast": "",
        "award_rull": "",
        "duration_str": "\u9501\u5b9a1\u4e2a\u6708",
        "usable_amount": "2900000.0000000000000000"
      },
      {
        "id": "184",
        "pid": "16",
        "name": "\u6da8\u6da8\u725b+ 22\u671f",
        "duration": "30",
        "presell_time": "1487433600",
        "sell_start_time": "1487520000",
        "compact_start_time": "1487606400",
        "compact_end_time": "1490284799",
        "settlement_time": "1490284800",
        "status": "1",
        "amount": "3000000.000000000000000000",
        "base_return": "0.050000000000000000",
        "ext_return1": "0.000000000000000000",
        "ext_return2": "0.150000000000000000",
        "ext_return3": "0.000000000000000000",
        "total_amount": "2949202.000000000000000000",
        "total_user_count": "293",
        "time": "0",
        "up_time": "1487606402",
        "observe_day": null,
        "nxd_name": "\u725b\u718a\u659724\u671f",
        "parent_id": "184",
        "hs300rate": "0.000000000000000000",
        "related_target": "{\"type\":1,\"name\":\"\\u6caa\\u6df1300\",\"market\":\"\\u4e0a\\u4ea4\\u6240\",\"target\":\"\\u6caa\\u6df1\",\"index\":\"300\"}",
        "contents": "",
        "title": "",
        "profit_start_date": "1487692800",
        "profit_end_date": "1490198400",
        "min_buy_amount": "500.000000000000000000",
        "force_risk_test": "1",
        "forecast": "",
        "award_rull": "",
        "duration_str": "\u9501\u5b9a1\u4e2a\u6708",
        "usable_amount": "1090000.0000000000000000"
      },
      {
        "id": "183",
        "pid": "17",
        "name": "\u8dcc\u8dcc\u718a+ 21\u671f",
        "duration": "29",
        "presell_time": "1486915200",
        "sell_start_time": "1487001600",
        "compact_start_time": "1487088000",
        "compact_end_time": "1489679999",
        "settlement_time": "1489680000",
        "status": "1",
        "amount": "3000000.000000000000000000",
        "base_return": "0.050000000000000000",
        "ext_return1": "0.000000000000000000",
        "ext_return2": "0.150000000000000000",
        "ext_return3": "0.000000000000000000",
        "total_amount": "3000000.000000000000000000",
        "total_user_count": "305",
        "time": "0",
        "up_time": "1487070002",
        "observe_day": null,
        "nxd_name": "\u725b\u718a\u659723\u671f",
        "parent_id": "182",
        "hs300rate": "0.000000000000000000",
        "related_target": "{\"type\":1,\"name\":\"\\u6caa\\u6df1300\",\"market\":\"\\u4e0a\\u4ea4\\u6240\",\"target\":\"\\u6caa\\u6df1\",\"index\":\"300\"}",
        "contents": "",
        "title": "",
        "profit_start_date": "1487174400",
        "profit_end_date": "1489593600",
        "min_buy_amount": "500.000000000000000000",
        "force_risk_test": "1",
        "forecast": "",
        "award_rull": "",
        "duration_str": "\u9501\u5b9a1\u4e2a\u6708",
        "usable_amount": "490000.0000000000000000"
      },
      {
        "id": "182",
        "pid": "16",
        "name": "\u6da8\u6da8\u725b+ 21\u671f",
        "duration": "29",
        "presell_time": "1486915200",
        "sell_start_time": "1487001600",
        "compact_start_time": "1487088000",
        "compact_end_time": "1489679999",
        "settlement_time": "1489680000",
        "status": "1",
        "amount": "3000000.000000000000000000",
        "base_return": "0.050000000000000000",
        "ext_return1": "0.000000000000000000",
        "ext_return2": "0.150000000000000000",
        "ext_return3": "0.000000000000000000",
        "total_amount": "3000000.000000000000000000",
        "total_user_count": "242",
        "time": "0",
        "up_time": "1487070002",
        "observe_day": null,
        "nxd_name": "\u725b\u718a\u659723\u671f",
        "parent_id": "182",
        "hs300rate": "0.000000000000000000",
        "related_target": "{\"type\":1,\"name\":\"\\u6caa\\u6df1300\",\"market\":\"\\u4e0a\\u4ea4\\u6240\",\"target\":\"\\u6caa\\u6df1\",\"index\":\"300\"}",
        "contents": "",
        "title": "",
        "profit_start_date": "1487174400",
        "profit_end_date": "1489593600",
        "min_buy_amount": "500.000000000000000000",
        "force_risk_test": "1",
        "forecast": "",
        "award_rull": "",
        "duration_str": "\u9501\u5b9a1\u4e2a\u6708",
        "usable_amount": "2090000.0000000000000000"
      },
      {
        "id": "181",
        "pid": "12",
        "name": "\u53d8\u5f62\u91d1\u732a35\u671f",
        "duration": "32",
        "presell_time": "1486483200",
        "sell_start_time": "1486483200",
        "compact_start_time": "1486569600",
        "compact_end_time": "1489420799",
        "settlement_time": "1489420800",
        "status": "1",
        "amount": "2000000.000000000000000000",
        "base_return": "0.050000000000000000",
        "ext_return1": "0.000000000000000000",
        "ext_return2": "0.150000000000000000",
        "ext_return3": "0.000000000000000000",
        "total_amount": "2000000.000000000000000000",
        "total_user_count": "142",
        "time": "0",
        "up_time": "1486560601",
        "observe_day": null,
        "nxd_name": "",
        "parent_id": "181",
        "hs300rate": "0.000000000000000000",
        "related_target": "{\"type\":11,\"name\":\"\\u9ec4\\u91d1AU1706\",\"market\":\"\\u4e0a\\u6d77\\u671f\\u8d27\\u4ea4\\u6613\\u6240\",\"target\":\"\\u9ec4\\u91d1\",\"index\":\"AU1706\"}",
        "contents": "\u7f8e\u56fd\u603b\u7edf\u7279\u6717\u666e\u4e0a\u53f0\u540e\u77ed\u77ed\u65f6\u95f4\u5185\uff0c\u4e0d\u65ad\u629b\u51fa\u5916\u754c\u4e3a\u4e4b\u54d7\u7136\u7684\u5404\u9879\u4e3e\u63aa\uff0c\u5305\u62ec\u5ba3\u5e03\u9000\u51faTPP\uff0c\u5a01\u80c1\u5fb7\u56fd\u64cd\u4f5c\u6c47\u7387\uff0c\u53d1\u5e03\u7a46\u65af\u6797\u5165\u5883\u7981\u4ee4\u7b49\uff0c\u51e0\u4e4e\u6d47\u706d\u4e86\u5176\u4e0a\u53f0\u524d\u6295\u8d44\u8005\u7684\u4fa5\u5e78\u5fc3\u7406\u3002\u5f53\u524d\u6295\u8d44\u8005\u666e\u904d\u96be\u4ee5\u9884\u671f\u8fd9\u4f4d\u7f8e\u56fd\u603b\u7edf\u4e0b\u4e00\u6b65\u4f1a\u51fa\u53f0\u4ec0\u4e48\u65b0\u7684\u653f\u7b56\u3001\u6405\u52a8\u5168\u7403\u653f\u6cbb\u7ecf\u6d4e\u3002\u56e0\u6b64\u6700\u8fd1\u5c06\u5f88\u53ef\u80fd\u6301\u7eed\u51fa\u73b0\u62e5\u62b1\u907f\u9669\u8d44\u4ea7\u7684\u9700\u6c42\uff0c\u63a8\u9ad8\u4ee5\u9ec4\u91d1\u4e3a\u9996\u7b49\u7684\u907f\u9669\u8d44\u4ea7\u4ef7\u683c\u3002",
        "title": "\u672c\u671f\u9ec4\u91d1\u6295\u8d44\u70ed\u70b9",
        "profit_start_date": "1486656000",
        "profit_end_date": "1489334400",
        "min_buy_amount": "500.000000000000000000",
        "force_risk_test": "1",
        "forecast": "\u770b\u6da8",
        "award_rull": "",
        "duration_str": "\u9501\u5b9a1\u4e2a\u6708",
        "usable_amount": "1190000.0000000000000000"
      },
      {
        "id": "180",
        "pid": "12",
        "name": "\u53d8\u5f62\u91d1\u732a34\u671f",
        "duration": "32",
        "presell_time": "1486396800",
        "sell_start_time": "1486483200",
        "compact_start_time": "1486569600",
        "compact_end_time": "1489420799",
        "settlement_time": "1489420800",
        "status": "1",
        "amount": "3000000.000000000000000000",
        "base_return": "0.050000000000000000",
        "ext_return1": "0.000000000000000000",
        "ext_return2": "0.150000000000000000",
        "ext_return3": "0.000000000000000000",
        "total_amount": "3000000.000000000000000000",
        "total_user_count": "288",
        "time": "0",
        "up_time": "1486518301",
        "observe_day": null,
        "nxd_name": "",
        "parent_id": "180",
        "hs300rate": "0.000000000000000000",
        "related_target": "{\"type\":11,\"name\":\"\\u9ec4\\u91d1AU1706\",\"market\":\"\\u4e0a\\u6d77\\u671f\\u8d27\\u4ea4\\u6613\\u6240\",\"target\":\"\\u9ec4\\u91d1\",\"index\":\"AU1706\"}",
        "contents": "\u7f8e\u56fd\u603b\u7edf\u7279\u6717\u666e\u4e0a\u53f0\u540e\u77ed\u77ed\u65f6\u95f4\u5185\uff0c\u4e0d\u65ad\u629b\u51fa\u5916\u754c\u4e3a\u4e4b\u54d7\u7136\u7684\u5404\u9879\u4e3e\u63aa\uff0c\u5305\u62ec\u5ba3\u5e03\u9000\u51faTPP\uff0c\u5a01\u80c1\u5fb7\u56fd\u64cd\u4f5c\u6c47\u7387\uff0c\u53d1\u5e03\u7a46\u65af\u6797\u5165\u5883\u7981\u4ee4\u7b49\uff0c\u51e0\u4e4e\u6d47\u706d\u4e86\u5176\u4e0a\u53f0\u524d\u6295\u8d44\u8005\u7684\u4fa5\u5e78\u5fc3\u7406\u3002\u5f53\u524d\u6295\u8d44\u8005\u666e\u904d\u96be\u4ee5\u9884\u671f\u8fd9\u4f4d\u7f8e\u56fd\u603b\u7edf\u4e0b\u4e00\u6b65\u4f1a\u51fa\u53f0\u4ec0\u4e48\u65b0\u7684\u653f\u7b56\u3001\u6405\u52a8\u5168\u7403\u653f\u6cbb\u7ecf\u6d4e\u3002\u56e0\u6b64\u6700\u8fd1\u5c06\u5f88\u53ef\u80fd\u6301\u7eed\u51fa\u73b0\u62e5\u62b1\u907f\u9669\u8d44\u4ea7\u7684\u9700\u6c42\uff0c\u63a8\u9ad8\u4ee5\u9ec4\u91d1\u4e3a\u9996\u7b49\u7684\u907f\u9669\u8d44\u4ea7\u4ef7\u683c\u3002",
        "title": "\u672c\u671f\u9ec4\u91d1\u6295\u8d44\u70ed\u70b9",
        "profit_start_date": "1486656000",
        "profit_end_date": "1489334400",
        "min_buy_amount": "500.000000000000000000",
        "force_risk_test": "1",
        "forecast": "\u770b\u6da8",
        "award_rull": "",
        "duration_str": "\u9501\u5b9a1\u4e2a\u6708",
        "usable_amount": "2000000.000000000000000000"
      },
      {
        "id": "179",
        "pid": "17",
        "name": "\u8dcc\u8dcc\u718a+ 20\u671f",
        "duration": "31",
        "presell_time": "1481731200",
        "sell_start_time": "1481990400",
        "compact_start_time": "1482076800",
        "compact_end_time": "1484841599",
        "settlement_time": "1484841600",
        "status": "3",
        "amount": "5000000.000000000000000000",
        "base_return": "0.050000000000000000",
        "ext_return1": "0.000000000000000000",
        "ext_return2": "0.150000000000000000",
        "ext_return3": "0.000000000000000000",
        "total_amount": "5000000.000000000000000000",
        "total_user_count": "224",
        "time": "0",
        "up_time": "1482073202",
        "observe_day": null,
        "nxd_name": "\u725b\u718a\u659722\u671f",
        "parent_id": "178",
        "hs300rate": "0.000093121616830000",
        "related_target": "{\"type\":1,\"name\":\"\\u6caa\\u6df1300\",\"market\":\"\\u4e0a\\u4ea4\\u6240\",\"target\":\"\\u6caa\\u6df1\",\"index\":\"300\"}",
        "contents": "",
        "title": "",
        "profit_start_date": "1482163200",
        "profit_end_date": "1484755200",
        "min_buy_amount": "500.000000000000000000",
        "force_risk_test": "1",
        "forecast": "",
        "award_rull": "",
        "duration_str": "\u9501\u5b9a1\u4e2a\u6708",
        "usable_amount": "4000000.000000000000000000"
      },
      {
        "id": "178",
        "pid": "16",
        "name": "\u6da8\u6da8\u725b+ 20\u671f",
        "duration": "31",
        "presell_time": "1481731200",
        "sell_start_time": "1481990400",
        "compact_start_time": "1482076800",
        "compact_end_time": "1484841599",
        "settlement_time": "1484841600",
        "status": "3",
        "amount": "5000000.000000000000000000",
        "base_return": "0.050000000000000000",
        "ext_return1": "0.000000000000000000",
        "ext_return2": "0.150000000000000000",
        "ext_return3": "0.000093121616830000",
        "total_amount": "5000000.000000000000000000",
        "total_user_count": "229",
        "time": "0",
        "up_time": "1482073202",
        "observe_day": null,
        "nxd_name": "\u725b\u718a\u659722\u671f",
        "parent_id": "178",
        "hs300rate": "0.000093121616830000",
        "related_target": "{\"type\":1,\"name\":\"\\u6caa\\u6df1300\",\"market\":\"\\u4e0a\\u4ea4\\u6240\",\"target\":\"\\u6caa\\u6df1\",\"index\":\"300\"}",
        "contents": "",
        "title": "",
        "profit_start_date": "1482163200",
        "profit_end_date": "1484755200",
        "min_buy_amount": "500.000000000000000000",
        "force_risk_test": "1",
        "forecast": "",
        "award_rull": "",
        "duration_str": "\u9501\u5b9a1\u4e2a\u6708",
        "usable_amount": "1000000.000000000000000000"
      },
      {
        "id": "177",
        "pid": "12",
        "name": "\u53d8\u5f62\u91d1\u732a33\u671f--\u770b\u6da8",
        "duration": "31",
        "presell_time": "1481040000",
        "sell_start_time": "1481126400",
        "compact_start_time": "1481212800",
        "compact_end_time": "1483977599",
        "settlement_time": "1483977600",
        "status": "3",
        "amount": "3000000.000000000000000000",
        "base_return": "0.050000000000000000",
        "ext_return1": "0.000000000000000000",
        "ext_return2": "0.150000000000000000",
        "ext_return3": "0.001391465677190000",
        "total_amount": "2952145.000000000000000000",
        "total_user_count": "230",
        "time": "0",
        "up_time": "1481212801",
        "observe_day": null,
        "nxd_name": "",
        "parent_id": "177",
        "hs300rate": "0.000927643784790000",
        "related_target": "{\"type\":11,\"name\":\"\\u9ec4\\u91d1AU1706\",\"market\":\"\\u4e0a\\u6d77\\u671f\\u8d27\\u4ea4\\u6613\\u6240\",\"target\":\"\\u9ec4\\u91d1\",\"index\":\"AU1706\"}",
        "contents": "\u7f8e\u56fd\u5927\u9009\u4e4b\u540e\uff0c\u5e02\u573a\u6d88\u5316\u7279\u6717\u666e\u5f53\u9009\u7684\u201c\u610f\u5916\u201d\u51fa\u5947\u5730\u5feb\u901f\uff0c\u7f8e\u5143\u3001\u7f8e\u80a1\u5927\u6da8\uff0c\u9ec4\u91d1\u8fd1\u671f\u4e00\u8def\u8d70\u4f4e\u3002\u4f9d\u636e\u6700\u8fd1\u7684\u7ecf\u6d4e\u72b6\u51b5\uff0c\u915d\u917f\u826f\u4e45\u7684\u7f8e\u5143\u8ba1\u606f\u6781\u53ef\u80fd\u5728\u672c\u6708\u843d\u5b9a\uff0c\u5c4a\u65f6\u5bf9\u4e8e\u91d1\u4ef7\u6765\u8bf4\u6709\u76f4\u63a5\u5f71\u54cd\u3002\u4f46\u8fd1\u671f\u6b27\u6d32\u653f\u6cbb\u5c40\u52bf\u7ee7\u7eed\u52a8\u8361\uff0c\u5e02\u573a\u53cd\u5e94\u53cd\u590d\uff0c\u9ec4\u91d1\u4f5c\u4e3a\u907f\u9669\u9996\u9009\u6295\u8d44\u4f9d\u7136\u53d1\u6325\u8f83\u5927\u4f5c\u7528\u3002",
        "title": "\u672c\u671f\u9ec4\u91d1\u6295\u8d44\u70ed\u70b9",
        "profit_start_date": "1481299200",
        "profit_end_date": "1483891200",
        "min_buy_amount": "500.000000000000000000",
        "force_risk_test": "1",
        "forecast": "\u770b\u6da8",
        "award_rull": "",
        "duration_str": "\u9501\u5b9a1\u4e2a\u6708",
        "usable_amount": "1100000.000000000000000000"
      },
      {
        "id": "175",
        "pid": "12",
        "name": "\u53d8\u5f62\u91d1\u732a32\u671f--\u770b\u8dcc",
        "duration": "31",
        "presell_time": "1481040000",
        "sell_start_time": "1481126400",
        "compact_start_time": "1481212800",
        "compact_end_time": "1483977599",
        "settlement_time": "1483977600",
        "status": "3",
        "amount": "3000000.000000000000000000",
        "base_return": "0.050000000000000000",
        "ext_return1": "0.000000000000000000",
        "ext_return2": "0.150000000000000000",
        "ext_return3": "0.000000000000000000",
        "total_amount": "1412537.000000000000000000",
        "total_user_count": "117",
        "time": "0",
        "up_time": "1481212801",
        "observe_day": null,
        "nxd_name": "",
        "parent_id": "175",
        "hs300rate": "0.000927643784790000",
        "related_target": "{\"type\":11,\"name\":\"\\u9ec4\\u91d1AU1706\",\"market\":\"\\u4e0a\\u6d77\\u671f\\u8d27\\u4ea4\\u6613\\u6240\",\"target\":\"\\u9ec4\\u91d1\",\"index\":\"AU1706\"}",
        "contents": "\u7f8e\u56fd\u5927\u9009\u4e4b\u540e\uff0c\u5e02\u573a\u6d88\u5316\u7279\u6717\u666e\u5f53\u9009\u7684\u201c\u610f\u5916\u201d\u51fa\u5947\u5730\u5feb\u901f\uff0c\u7f8e\u5143\u3001\u7f8e\u80a1\u5927\u6da8\uff0c\u9ec4\u91d1\u8fd1\u671f\u4e00\u8def\u8d70\u4f4e\u3002\u4f9d\u636e\u6700\u8fd1\u7684\u7ecf\u6d4e\u72b6\u51b5\uff0c\u915d\u917f\u826f\u4e45\u7684\u7f8e\u5143\u8ba1\u606f\u6781\u53ef\u80fd\u5728\u672c\u6708\u843d\u5b9a\uff0c\u5c4a\u65f6\u5bf9\u4e8e\u91d1\u4ef7\u6765\u8bf4\u6709\u76f4\u63a5\u5f71\u54cd\u3002\u4f46\u8fd1\u671f\u6b27\u6d32\u653f\u6cbb\u5c40\u52bf\u7ee7\u7eed\u52a8\u8361\uff0c\u5e02\u573a\u53cd\u5e94\u53cd\u590d\uff0c\u9ec4\u91d1\u4f5c\u4e3a\u907f\u9669\u9996\u9009\u6295\u8d44\u4f9d\u7136\u53d1\u6325\u8f83\u5927\u4f5c\u7528\u3002",
        "title": "\u672c\u671f\u9ec4\u91d1\u6295\u8d44\u70ed\u70b9",
        "profit_start_date": "1481299200",
        "profit_end_date": "1483891200",
        "min_buy_amount": "500.000000000000000000",
        "force_risk_test": "1",
        "forecast": "\u770b\u8dcc",
        "award_rull": "",
        "duration_str": "\u9501\u5b9a1\u4e2a\u6708",
        "usable_amount": "2000000.000000000000000000"
      },
      {
        "id": "173",
        "pid": "17",
        "name": "\u8dcc\u8dcc\u718a+ 19\u671f",
        "duration": "30",
        "presell_time": "1479916800",
        "sell_start_time": "1480176000",
        "compact_start_time": "1480262400",
        "compact_end_time": "1482940799",
        "settlement_time": "1482940800",
        "status": "3",
        "amount": "4000000.000000000000000000",
        "base_return": "0.050000000000000000",
        "ext_return1": "0.000000000000000000",
        "ext_return2": "0.150000000000000000",
        "ext_return3": "0.065964560915170000",
        "total_amount": "4000000.000000000000000000",
        "total_user_count": "177",
        "time": "0",
        "up_time": "1480262402",
        "observe_day": null,
        "nxd_name": "\u725b\u718a\u659721\u671f",
        "parent_id": "172",
        "hs300rate": "-0.065964560915170000",
        "related_target": "{\"type\":1,\"name\":\"\\u6caa\\u6df1300\",\"market\":\"\\u4e0a\\u4ea4\\u6240\",\"target\":\"\\u6caa\\u6df1\",\"index\":\"300\"}",
        "contents": "",
        "title": "",
        "profit_start_date": "1480348800",
        "profit_end_date": "1482854400",
        "min_buy_amount": "500.000000000000000000",
        "force_risk_test": "1",
        "forecast": "",
        "award_rull": "",
        "duration_str": "\u9501\u5b9a1\u4e2a\u6708",
        "usable_amount": "1000000.000000000000000000"
      },
      {
        "id": "172",
        "pid": "16",
        "name": "\u6da8\u6da8\u725b+ 19\u671f",
        "duration": "30",
        "presell_time": "1479916800",
        "sell_start_time": "1480176000",
        "compact_start_time": "1480262400",
        "compact_end_time": "1482940799",
        "settlement_time": "1482940800",
        "status": "3",
        "amount": "4000000.000000000000000000",
        "base_return": "0.050000000000000000",
        "ext_return1": "0.000000000000000000",
        "ext_return2": "0.150000000000000000",
        "ext_return3": "0.000000000000000000",
        "total_amount": "4000000.000000000000000000",
        "total_user_count": "235",
        "time": "0",
        "up_time": "1480262402",
        "observe_day": null,
        "nxd_name": "\u725b\u718a\u659721\u671f",
        "parent_id": "172",
        "hs300rate": "-0.065964560915170000",
        "related_target": "{\"type\":1,\"name\":\"\\u6caa\\u6df1300\",\"market\":\"\\u4e0a\\u4ea4\\u6240\",\"target\":\"\\u6caa\\u6df1\",\"index\":\"300\"}",
        "contents": "",
        "title": "",
        "profit_start_date": "1480348800",
        "profit_end_date": "1482854400",
        "min_buy_amount": "500.000000000000000000",
        "force_risk_test": "1",
        "forecast": "",
        "award_rull": "",
        "duration_str": "\u9501\u5b9a1\u4e2a\u6708",
        "usable_amount": "2220000.000000000000000000"
      },
      {
        "id": "171",
        "pid": "17",
        "name": "\u8dcc\u8dcc\u718a+ 18\u671f",
        "duration": "30",
        "presell_time": "1479312000",
        "sell_start_time": "1479484800",
        "compact_start_time": "1479657600",
        "compact_end_time": "1482335999",
        "settlement_time": "1482336000",
        "status": "3",
        "amount": "5000000.000000000000000000",
        "base_return": "0.050000000000000000",
        "ext_return1": "0.000000000000000000",
        "ext_return2": "0.150000000000000000",
        "ext_return3": "0.029807242430490000",
        "total_amount": "5000000.000000000000000000",
        "total_user_count": "254",
        "time": "0",
        "up_time": "1479655801",
        "observe_day": null,
        "nxd_name": "\u725b\u718a\u659720\u671f",
        "parent_id": "170",
        "hs300rate": "-0.029807242430490000",
        "related_target": "{\"type\":1,\"name\":\"\\u6caa\\u6df1300\",\"market\":\"\\u4e0a\\u4ea4\\u6240\",\"target\":\"\\u6caa\\u6df1\",\"index\":\"300\"}",
        "contents": "",
        "title": "",
        "profit_start_date": "1479744000",
        "profit_end_date": "1482249600",
        "min_buy_amount": "500.000000000000000000",
        "force_risk_test": "1",
        "forecast": "",
        "award_rull": "",
        "duration_str": "\u9501\u5b9a1\u4e2a\u6708",
        "usable_amount": "900000.000000000000000000"
      },
      {
        "id": "170",
        "pid": "16",
        "name": "\u6da8\u6da8\u725b+ 18\u671f",
        "duration": "30",
        "presell_time": "1479312000",
        "sell_start_time": "1479484800",
        "compact_start_time": "1479657600",
        "compact_end_time": "1482335999",
        "settlement_time": "1482336000",
        "status": "3",
        "amount": "5000000.000000000000000000",
        "base_return": "0.050000000000000000",
        "ext_return1": "0.000000000000000000",
        "ext_return2": "0.150000000000000000",
        "ext_return3": "0.000000000000000000",
        "total_amount": "5000000.000000000000000000",
        "total_user_count": "309",
        "time": "0",
        "up_time": "1479655801",
        "observe_day": null,
        "nxd_name": "\u725b\u718a\u659720\u671f",
        "parent_id": "170",
        "hs300rate": "-0.029807242430490000",
        "related_target": "{\"type\":1,\"name\":\"\\u6caa\\u6df1300\",\"market\":\"\\u4e0a\\u4ea4\\u6240\",\"target\":\"\\u6caa\\u6df1\",\"index\":\"300\"}",
        "contents": "",
        "title": "",
        "profit_start_date": "1479744000",
        "profit_end_date": "1482249600",
        "min_buy_amount": "500.000000000000000000",
        "force_risk_test": "1",
        "forecast": "",
        "award_rull": "",
        "duration_str": "\u9501\u5b9a1\u4e2a\u6708",
        "usable_amount": 0
      },
      {
        "id": "169",
        "pid": "17",
        "name": "\u8dcc\u8dcc\u718a+ 17\u671f",
        "duration": "30",
        "presell_time": "1478793600",
        "sell_start_time": "1478966400",
        "compact_start_time": "1479052800",
        "compact_end_time": "1481731199",
        "settlement_time": "1481731200",
        "status": "3",
        "amount": "5000000.000000000000000000",
        "base_return": "0.050000000000000000",
        "ext_return1": "0.000000000000000000",
        "ext_return2": "0.150000000000000000",
        "ext_return3": "0.014955178194010000",
        "total_amount": "5000000.000000000000000000",
        "total_user_count": "280",
        "time": "0",
        "up_time": "1479045601",
        "observe_day": null,
        "nxd_name": "\u725b\u718a\u659719\u671f",
        "parent_id": "168",
        "hs300rate": "-0.014955178194010000",
        "related_target": "{\"type\":1,\"name\":\"\\u6caa\\u6df1300\",\"market\":\"\\u4e0a\\u4ea4\\u6240\",\"target\":\"\\u6caa\\u6df1\",\"index\":\"300\"}",
        "contents": "\u7279\u6717\u666e\u5f53\u9009\u65b0\u4e00\u4efb\u7f8e\u56fd\u603b\u7edf\uff0c\u4ed6\u5728\u7ade\u9009\u4e2d\u5ba3\u626c\u7684\u8d38\u6613\u4fdd\u62a4\u3001\u626c\u8a00\u9000\u51faWTO\u7b49\u8f83\u201c\u6781\u7aef\u201d\u7684\u653f\u7b56\u548c\u505a\u6cd5\uff0c\u6781\u5927\u5730\u63d0\u9ad8\u4e86\u5e02\u573a\u7684\u4e0d\u786e\u5b9a\u6027\u3002\u80a1\u5e02\u672a\u6765\u53ef\u671f\u8fce\u6765\u6ce2\u52a8\u9707\u8361\u671f\uff0c\u53ef\u6293\u4f4f\u8fd9\u6ce2\u8d8b\u52bf\u83b7\u53d6\u66f4\u9ad8\u7684\u6536\u76ca\u3002",
        "title": "\u672c\u671f\u770b\u70b9",
        "profit_start_date": "1479139200",
        "profit_end_date": "1481644800",
        "min_buy_amount": "500.000000000000000000",
        "force_risk_test": "1",
        "forecast": "",
        "award_rull": "",
        "duration_str": "\u9501\u5b9a1\u4e2a\u6708",
        "usable_amount": 0
      }
    ]
  }
}